{
	"model": "common/assets/scenes/pbrt/bathroom/scene.pbrt",
	"resolution": [
		1280,
		720
	],
	"scene": {
		"camera": {
			"mData": {
				"aspectRatio": 1.7777777910232544,
				"focalDistance": 10.0,
				"focalLength": 21.0,
				"lensRadius": 0.0,
				"pos": [
					0.0014646053314208984,
					1.0581185817718506,
					-0.37272095680236816
				],
				"target": [
					-0.6068026423454285,
					1.0548007488250732,
					-0.9885081052780151
				],
				"up": [
					0.0,
					1.0,
					0.0
				]
			}
		},
		"cameraController": {
			"mData": {
				"pitch": -0.003833204507827759,
				"radius": 0.8655598163604736,
				"target": [
					-0.6068026423454285,
					1.0548007488250732,
					-0.9885081052780151
				],
				"yaw": 0.7792547941207886
			}
		}
	},
	"spp": 0
}