{
	"model": "common/assets/scenes/pbrt/kitchen/scene.pbrt",
	"resolution": [
		1280,
		720
	],
	"scene": {
		"camera": {
			"mData": {
				"aspectRatio": 1.7777777910232544,
				"focalDistance": 10.0,
				"focalLength": 21.0,
				"lensRadius": 0.0,
				"pos": [
					0.6117140650749207,
					1.4478439092636108,
					2.274587869644165
				],
				"target": [
					-0.9003679156303406,
					1.504206895828247,
					-0.39115336537361145
				],
				"up": [
					0.0,
					1.0,
					0.0
				]
			}
		},
		"cameraController": {
			"mData": {
				"pitch": 0.0183887779712677,
				"radius": 3.0652477741241455,
				"target": [
					-0.9003679156303406,
					1.504206895828247,
					-0.39115336537361145
				],
				"yaw": 0.5159733891487122
			}
		}
	},
	"spp": 0
}