{
	"model": "common/assets/scenes/pbrt/salle-de-bain/scene.pbrt",
	"resolution": [
		1280,
		720
	],
	"scene": {
		"camera": {
			"mData": {
				"aspectRatio": 1.7777777910232544,
				"focalDistance": 10.0,
				"focalLength": 21.0,
				"lensRadius": 0.0,
				"pos": [
					6.442922592163086,
					14.833269119262695,
					26.990657806396484
				],
				"target": [
					-9.946300506591797,
					10.936747550964355,
					-1.5898810625076294
				],
				"up": [
					0.0,
					1.0,
					0.0
				]
			}
		},
		"cameraController": {
			"mData": {
				"pitch": -0.1177222728729248,
				"radius": 33.175846099853516,
				"target": [
					-9.946300506591797,
					10.936747550964355,
					-1.5898810625076294
				],
				"yaw": 0.5206611156463623
			}
		}
	}
}