{
	"model": "common/assets/scenes/pbrt/staircase/scene.pbrt",
	"resolution": [
		718,
		720
	],
	"scene": {
		"camera": {
			"mData": {
				"aspectRatio": 0.9972222447395325,
				"focalDistance": 10.0,
				"focalLength": 21.0,
				"lensRadius": 0.0,
				"pos": [
					0.11683884263038635,
					1.8955044746398926,
					3.784172534942627
				],
				"target": [
					-0.05367038771510124,
					2.237865686416626,
					-0.5097924470901489
				],
				"up": [
					0.0,
					1.0,
					0.0
				]
			}
		},
		"cameraController": {
			"mData": {
				"pitch": 0.07950007915496826,
				"radius": 4.310965061187744,
				"target": [
					-0.05367038771510124,
					2.237865686416626,
					-0.5097924470901489
				],
				"yaw": 0.03968818485736847
			}
		}
	},
	"spp": 0
}