{
	"model": "common/assets/scenes/pbrt/veach-ajar/scene.pbrt",
	"resolution": [
		1280,
		720
	],
	"scene": {
		"camera": {
			"mData": {
				"aspectRatio": 1.7777777910232544,
				"focalDistance": 10.0,
				"focalLength": 21.0,
				"lensRadius": 0.0,
				"pos": [
					1.2585813999176025,
					1.4747998714447021,
					-2.5617103576660156
				],
				"target": [
					-0.7553855776786804,
					1.241776704788208,
					-2.694340229034424
				],
				"up": [
					0.0,
					1.0,
					0.0
				]
			}
		},
		"cameraController": {
			"mData": {
				"pitch": -0.11494457721710205,
				"radius": 2.0317366123199463,
				"target": [
					-0.7553855776786804,
					1.241776704788208,
					-2.694340229034424
				],
				"yaw": 1.5050359964370728
			}
		}
	},
	"spp": 0
}